{
    "RECORDS": [
        {
            "ID": "13",
            "Country": "Australia"
        },
        {
            "ID": "30",
            "Country": "Brazil"
        },
        {
            "ID": "38",
            "Country": "Canada"
        },
        {
            "ID": "62",
            "Country": "Egypt"
        },
        {
            "ID": "56",
            "Country": "Denmark"
        },
        {
            "ID": "64",
            "Country": "United Kingdom"
        },
        {
            "ID": "73",
            "Country": "France"
        },
        {
            "ID": "80",
            "Country": "Germany"
        },
        {
            "ID": "106",
            "Country": "Italy"
        },
        {
            "ID": "140",
            "Country": "Mexico"
        },
        {
            "ID": "155",
            "Country": "New Zealand"
        },
        {
            "ID": "175",
            "Country": "Poland"
        },
        {
            "ID": "209",
            "Country": "Spain"
        },
        {
            "ID": "218",
            "Country": "Switzerland"
        },
        {
            "ID": "223",
            "Country": "Thailand"
        },
        {
            "ID": "234",
            "Country": "Ukraine"
        },
        {
            "ID": "252",
            "Country": "Ireland"
        }
    ]
}